{"loss": [3.476327419281006], "accuracy": [0.1205357164144516]}